order_id,student_id,timestamp,courses,n_courses,order_revenue,is_bundle,order_number,is_repeat_order,days_since_previous_order
0,1,2026-09-04 19:30:57,Аналитика старт,1,8950.0,False,1,False,
1,2,2026-09-05 16:22:48,ML про,1,8950.0,False,1,False,
2,3,2026-09-03 22:47:02,АВ тестам,1,5975.0,False,1,False,
3,4,2026-08-31 15:42:34,AI агенты,1,8950.0,False,1,False,
4,5,2026-08-22 16:19:00,ML про,1,5750.0,False,1,False,
5,6,2026-09-02 19:16:28,Аналитика про,1,8450.0,False,1,False,
6,7,2026-08-08 14:07:56,Backend старт,1,4950.0,False,1,False,
7,8,2026-08-08 16:25:39,АВ тестам | Алгоритмы,2,8990.0,True,1,False,
8,9,2026-09-03 14:55:45,Аналитика про,1,8950.0,False,1,False,
9,10,2026-09-06 16:25:37,Backend про,1,8450.0,False,1,False,
10,11,2026-08-27 20:09:27,ML старт,1,6975.0,False,1,False,
11,12,2026-08-09 16:52:01,Backend старт,1,6490.0,False,1,False,
12,13,2026-09-07 07:54:24,AI агенты,1,8950.0,False,1,False,
13,14,2026-08-30 23:52:21,AI агенты,1,8950.0,False,1,False,
14,15,2026-09-04 15:26:00,Аналитика про,1,8450.0,False,1,False,
15,16,2026-08-10 16:56:42,ML старт | Алгоритмы старт,2,9900.0,True,1,False,
16,17,2026-08-22 17:01:20,Алгоритмы,1,9950.0,False,1,False,
17,18,2026-09-05 14:29:29,Алгоритмы про,1,8950.0,False,1,False,
18,19,2026-08-09 11:01:50,Алгоритмы старт | Аналитика старт,2,9900.0,True,1,False,
19,20,2026-09-06 11:07:00,Аналитика про | Аналитика старт,2,14950.0,True,1,False,
20,21,2026-08-10 16:29:36,Алгоритмы старт | Аналитика старт,2,9900.0,True,1,False,
21,22,2026-09-06 14:41:56,ML про,1,8450.0,False,1,False,
22,23,2026-09-06 15:39:44,ML старт,1,2237.5,False,1,False,
23,24,2026-09-05 18:23:21,ML про,1,8950.0,False,1,False,
24,25,2026-08-30 18:34:15,ML про,1,8450.0,False,1,False,
25,26,2026-08-08 09:23:01,Backend старт,1,6490.0,False,1,False,
26,26,2026-08-31 14:03:44,Backend про | Дискретка,2,17950.0,True,2,True,23.19494212962963
27,27,2026-08-29 14:47:39,ML про,1,8950.0,False,1,False,
28,28,2026-09-04 15:15:34,Аналитика про | Аналитика старт,2,14950.0,True,1,False,
29,29,2026-08-28 18:20:56,Backend старт,1,8450.0,False,1,False,
30,30,2026-08-23 10:06:51,ML про,1,8950.0,False,1,False,
31,31,2026-09-05 11:00:21,ML про,1,7475.0,False,1,False,
32,32,2026-08-09 04:36:11,ML старт,1,6490.0,False,1,False,
33,33,2026-08-08 16:26:36,Backend старт | Алгоритмы старт,2,9990.0,True,1,False,
34,34,2026-09-01 17:23:37,Аналитика про,1,8945.0,False,1,False,
35,35,2026-09-02 22:38:59,Backend про,1,4225.0,False,1,False,
36,36,2026-09-09 19:26:20,Алгоритмы | Дискретка | Линейная алгебра | Мат анализ | Теория вероятностей,5,44750.0,True,1,False,
37,37,2026-09-02 04:13:14,Backend про,1,5750.0,False,1,False,
38,38,2026-08-09 12:15:31,Аналитика старт,1,6490.0,False,1,False,
39,39,2026-08-27 17:02:28,Мат анализ,1,9950.0,False,1,False,
40,40,2026-08-09 16:36:02,Аналитика старт,1,6490.0,False,1,False,
41,41,2026-08-12 10:22:39,ML старт,1,6500.0,False,1,False,
42,42,2026-09-06 11:42:46,ML про,1,8450.0,False,1,False,
43,43,2026-09-05 07:16:30,АВ тестам | Аналитика старт,2,12950.0,True,1,False,
44,44,2026-09-06 12:29:18,AI агенты,1,6975.0,False,1,False,
45,45,2026-08-14 10:04:52,Алгоритмы,1,5750.0,False,1,False,
46,46,2026-08-12 05:13:04,К ВУЗу,1,6450.0,False,1,False,
47,47,2026-08-08 12:24:55,ML старт | Алгоритмы старт,2,9990.0,True,1,False,
48,48,2026-09-05 14:24:29,Backend про,1,8950.0,False,1,False,
49,49,2026-09-06 14:51:02,AI агенты | Backend про,2,14950.0,True,1,False,
50,50,2026-09-02 10:32:55,Алгоритмы старт,1,8950.0,False,1,False,
51,51,2026-09-06 15:46:24,ML про,1,2237.5,False,1,False,
52,52,2026-08-10 18:12:59,К ВУЗу,1,6450.0,False,1,False,
53,53,2026-08-09 13:57:35,ML старт,1,4950.0,False,1,False,
54,54,2026-08-08 12:39:51,Алгоритмы старт,1,6490.0,False,1,False,
55,55,2026-09-06 15:35:13,AI агенты,1,2237.5,False,1,False,
56,56,2026-09-06 12:12:33,Backend старт,1,7475.0,False,1,False,
57,57,2026-08-10 00:14:10,ML старт,1,4950.0,False,1,False,
58,58,2026-08-09 16:12:46,Backend старт | ML старт | Алгоритмы старт,3,16390.0,True,1,False,
59,59,2026-09-06 13:32:21,ML про,1,8950.0,False,1,False,
60,60,2026-09-05 19:44:33,ML про,1,8950.0,False,1,False,
61,61,2026-08-27 19:44:33,ML про | ML старт,2,13950.0,True,1,False,
62,62,2026-08-09 18:47:09,Backend старт | Алгоритмы старт,2,9990.0,True,1,False,
63,63,2026-08-09 19:29:08,Data Engenering | Data Science,2,12900.0,True,1,False,
64,63,2026-09-07 05:24:57,Алгоритмы про,1,8950.0,False,2,True,28.413761574074073
65,64,2026-08-09 14:45:05,Алгоритмы,1,4995.0,False,1,False,
66,65,2026-08-09 18:45:20,Аналитика старт,1,6490.0,False,1,False,
67,66,2026-08-13 05:36:55,Алгоритмы старт,1,8745.0,False,1,False,
68,67,2026-08-10 18:01:06,Аналитика старт,1,6490.0,False,1,False,
69,67,2026-09-05 17:04:40,ML про,1,8950.0,False,2,True,25.960810185185185
70,68,2026-09-08 17:53:12,Алгоритмы про | Алгоритмы старт,2,15000.0,True,1,False,
71,69,2026-08-22 04:22:43,К ВУЗу,1,6950.0,False,1,False,
72,70,2026-08-18 19:10:04,Аналитика старт,1,8475.0,False,1,False,
73,71,2026-08-23 14:57:08,Алгоритмы,1,8450.0,False,1,False,
74,72,2026-09-07 19:19:58,AI агенты | ML про,2,13950.0,True,1,False,
75,73,2026-08-08 20:05:40,Алгоритмы старт,1,4995.0,False,1,False,
76,74,2026-09-06 10:34:28,AI агенты,1,8450.0,False,1,False,
77,75,2026-08-18 18:53:33,Аналитика про | Аналитика старт,2,16950.0,True,1,False,
78,76,2026-08-30 14:48:44,Алгоритмы про | Аналитика про,2,13950.0,True,1,False,
79,77,2026-08-31 17:54:30,Аналитика про,1,8450.0,False,1,False,
80,78,2026-09-08 05:10:30,Data Science,1,6950.0,False,1,False,
81,79,2026-08-14 04:09:52,Теория вероятностей,1,9950.0,False,1,False,
82,80,2026-09-09 04:53:08,ML про,1,6975.0,False,1,False,
83,81,2026-08-30 13:44:26,AI агенты,1,8450.0,False,1,False,
84,82,2026-08-11 12:46:14,Аналитика про | Аналитика старт,2,6490.0,True,1,False,
85,83,2026-08-10 07:52:44,Аналитика старт,1,6490.0,False,1,False,
86,84,2026-08-09 19:07:32,Backend старт,1,6490.0,False,1,False,
87,85,2026-08-24 15:57:32,Аналитика про,1,8950.0,False,1,False,
88,86,2026-08-10 16:16:30,Алгоритмы старт,1,4950.0,False,1,False,
89,87,2026-08-22 13:23:20,Алгоритмы про,1,7475.0,False,1,False,
90,88,2026-09-01 19:27:16,AI агенты,1,8950.0,False,1,False,
91,89,2026-08-09 10:44:19,Алгоритмы,1,9900.0,False,1,False,
92,90,2026-08-31 01:05:18,Алгоритмы старт,1,6975.0,False,1,False,
93,91,2026-08-24 00:44:40,ML старт,1,8950.0,False,1,False,
94,92,2026-08-21 15:14:39,Линейная алгебра,1,9950.0,False,1,False,
95,93,2026-08-10 05:56:12,К ВУЗу,1,6950.0,False,1,False,
96,94,2026-09-04 18:49:47,Backend про,1,8950.0,False,1,False,
97,95,2026-08-23 19:08:11,AI агенты | Аналитика про,2,14950.0,True,1,False,
98,96,2026-08-09 16:21:43,Аналитика старт,1,6490.0,False,1,False,
99,97,2026-09-06 17:27:55,Backend про,1,8950.0,False,1,False,
100,98,2026-08-23 14:14:48,Аналитика про | Аналитика старт,2,14950.0,True,1,False,
101,99,2026-08-29 19:35:36,AI агенты,1,8450.0,False,1,False,
102,100,2026-09-07 09:30:42,Backend старт,1,8950.0,False,1,False,
103,101,2026-08-20 17:34:00,Алгоритмы старт,1,8745.0,False,1,False,
104,102,2026-09-07 12:59:48,AI агенты | ML про,2,12950.0,True,1,False,
105,103,2026-08-09 18:46:42,Аналитика старт,1,6490.0,False,1,False,
106,104,2026-08-23 21:00:30,AI агенты | ML про,2,14950.0,True,1,False,
107,105,2026-09-06 11:55:22,Аналитика про,1,8950.0,False,1,False,
108,106,2026-08-10 10:53:02,Backend старт | Алгоритмы старт,2,9900.0,True,1,False,
109,107,2026-08-23 18:28:17,AI агенты | Аналитика про,2,13950.0,True,1,False,
110,108,2026-09-09 04:53:08,AI агенты,1,6975.0,False,1,False,
111,109,2026-09-05 17:57:36,ML про,1,8950.0,False,1,False,
112,110,2026-09-07 10:27:06,AI агенты,1,8950.0,False,1,False,
113,111,2026-08-24 16:49:26,Аналитика про,1,8950.0,False,1,False,
114,112,2026-08-11 18:41:42,ML про | ML старт,2,16950.0,True,1,False,
115,113,2026-09-06 15:14:57,Аналитика про,1,8950.0,False,1,False,
116,114,2026-09-01 19:16:56,AI агенты | ML про,2,13950.0,True,1,False,
117,115,2026-09-01 13:09:50,Аналитика про,1,8945.0,False,1,False,
118,116,2026-08-25 10:01:02,АВ тестам | Аналитика про,2,14950.0,True,1,False,
119,117,2026-09-05 12:34:35,Аналитика про,1,8450.0,False,1,False,
120,118,2026-08-23 08:24:45,Backend про,1,8450.0,False,1,False,
121,119,2026-09-07 11:34:36,Алгоритмы про,1,8950.0,False,1,False,
122,120,2026-08-08 19:28:26,Аналитика старт,1,6490.0,False,1,False,
123,121,2026-08-25 11:38:56,AI агенты,1,8950.0,False,1,False,
124,122,2026-08-27 20:55:44,ML про | ML старт,2,14950.0,True,1,False,
125,123,2026-09-09 16:23:01,Data Science,1,6450.0,False,1,False,
126,124,2026-09-04 06:34:32,Линейная алгебра,1,9950.0,False,1,False,
127,125,2026-09-07 08:46:37,ML про,1,8950.0,False,1,False,
128,126,2026-08-05 13:22:41,ML старт,1,8745.0,False,1,False,
129,127,2026-09-05 17:27:41,ML про,1,8950.0,False,1,False,
130,128,2026-09-02 11:55:47,Аналитика про,1,8945.0,False,1,False,
131,129,2026-08-09 10:56:45,Аналитика старт,1,6490.0,False,1,False,
132,130,2026-08-15 14:59:16,Алгоритмы,1,9950.0,False,1,False,
133,131,2026-08-04 17:05:46,Backend старт,1,8745.0,False,1,False,
134,132,2026-08-13 11:39:13,Аналитика про,1,8745.0,False,1,False,
135,133,2026-08-16 09:59:37,Аналитика про | Аналитика старт,2,9900.0,True,1,False,
136,134,2026-08-31 08:06:47,Алгоритмы про,1,6975.0,False,1,False,
137,135,2026-08-08 20:00:19,ML старт | Алгоритмы старт,2,9990.0,True,1,False,
138,136,2026-08-27 08:57:04,AI агенты | Backend про,2,14950.0,True,1,False,
139,137,2026-08-05 15:01:16,Backend старт,1,8475.0,False,1,False,
140,138,2026-08-09 16:33:22,ML старт,1,6490.0,False,1,False,
141,138,2026-08-25 12:39:08,ML про,1,5750.0,False,2,True,15.837337962962962
142,139,2026-09-01 20:30:07,AI агенты | ML старт,2,13950.0,True,1,False,
143,140,2026-08-25 16:01:50,Аналитика старт,1,8450.0,False,1,False,
144,141,2026-08-24 14:48:12,Алгоритмы старт,1,7475.0,False,1,False,
145,142,2026-08-11 15:49:13,Аналитика старт,1,6490.0,False,1,False,
146,143,2026-08-16 13:21:36,К ВУЗу,1,6950.0,False,1,False,
147,144,2026-08-29 11:51:08,Аналитика про | Аналитика старт,2,8950.0,True,1,False,
148,144,2026-09-01 15:30:39,Аналитика про,1,8950.0,False,2,True,3.1524421296296294
149,145,2026-08-30 13:06:05,Аналитика про,1,8950.0,False,1,False,
150,146,2026-08-20 16:27:30,К ВУЗу,1,6950.0,False,1,False,
151,147,2026-09-05 19:46:01,ML про | ML старт,2,14950.0,True,1,False,
152,148,2026-08-25 09:49:25,AI агенты,1,7475.0,False,1,False,
153,149,2026-08-23 16:50:14,ML про,1,8950.0,False,1,False,
154,150,2026-09-06 13:11:45,Backend про,1,8950.0,False,1,False,
155,151,2026-09-06 11:31:11,Аналитика про,1,7475.0,False,1,False,
156,152,2026-08-10 08:42:13,ML старт,1,6490.0,False,1,False,
157,153,2026-08-13 18:30:59,Алгоритмы,1,5750.0,False,1,False,
158,154,2026-09-06 13:40:03,Алгоритмы про,1,8950.0,False,1,False,
159,155,2026-09-05 10:20:56,Backend про | Backend старт,2,14950.0,True,1,False,
160,155,2026-09-05 12:13:44,Алгоритмы старт,1,7000.0,False,2,True,0.07833333333333334
161,156,2026-08-22 10:54:14,Алгоритмы про | Алгоритмы старт,2,14950.0,True,1,False,
162,157,2026-08-31 06:39:53,AI агенты | ML про,2,14950.0,True,1,False,
163,158,2026-08-10 12:37:30,Backend старт | Алгоритмы,2,9400.0,True,1,False,
164,159,2026-08-05 12:56:32,Backend про | Backend старт,2,16950.0,True,1,False,
165,160,2026-08-09 02:39:44,Аналитика старт,1,4995.0,False,1,False,
166,161,2026-08-08 19:49:42,Backend старт | Алгоритмы старт,2,9990.0,True,1,False,
167,162,2026-08-15 12:51:04,К ВУЗу,1,6950.0,False,1,False,
168,163,2026-08-26 01:23:32,AI агенты,1,8450.0,False,1,False,
169,164,2026-08-10 13:08:15,ML старт,1,8745.0,False,1,False,
170,165,2026-08-25 07:21:38,Аналитика про,1,8450.0,False,1,False,
171,166,2026-08-06 12:15:46,К ВУЗу,1,6950.0,False,1,False,
172,167,2026-08-09 09:07:16,ML старт | Алгоритмы старт,2,9900.0,True,1,False,
173,168,2026-08-25 06:26:04,AI агенты | ML про,2,14950.0,True,1,False,
174,169,2026-09-05 15:47:16,Аналитика про,1,8950.0,False,1,False,
175,170,2026-08-12 17:51:00,ML старт,1,6000.0,False,1,False,
176,171,2026-08-31 18:20:33,Аналитика про,1,8950.0,False,1,False,
177,172,2026-08-23 16:29:57,AI агенты,1,8950.0,False,1,False,
178,173,2026-08-11 07:48:36,ML старт | Алгоритмы старт,2,9900.0,True,1,False,
179,174,2026-09-05 18:41:16,ML про | Алгоритмы про,2,14950.0,True,1,False,
180,175,2026-08-13 16:14:01,Теория вероятностей,1,9950.0,False,1,False,
181,176,2026-08-09 16:29:58,Алгоритмы,1,6490.0,False,1,False,
182,177,2026-08-28 10:47:56,Аналитика старт,1,8950.0,False,1,False,
183,178,2026-08-26 09:15:13,AI агенты,1,8950.0,False,1,False,
184,179,2026-08-12 02:06:02,Аналитика старт,1,6490.0,False,1,False,
185,180,2026-09-06 16:23:30,Алгоритмы старт,1,2237.5,False,1,False,
186,181,2026-09-01 18:44:37,Аналитика про,1,8950.0,False,1,False,
187,182,2026-09-02 10:14:11,Backend про,1,8950.0,False,1,False,
188,183,2026-08-08 10:08:11,Backend старт,1,6490.0,False,1,False,
189,184,2026-08-09 17:20:07,Алгоритмы старт,1,4950.0,False,1,False,
190,185,2026-08-27 14:36:47,AI агенты | ML про,2,13950.0,True,1,False,
191,186,2026-08-10 06:13:10,Алгоритмы старт,1,4950.0,False,1,False,
192,187,2026-08-09 18:48:05,Алгоритмы старт | Аналитика старт,2,8990.0,True,1,False,
193,188,2026-09-06 01:03:43,Backend про,1,6975.0,False,1,False,
194,189,2026-09-01 07:49:46,Аналитика старт,1,8945.0,False,1,False,
195,190,2026-09-09 02:52:43,Мат анализ,1,9950.0,False,1,False,
196,191,2026-08-27 15:11:14,AI агенты | Алгоритмы | Мат анализ | Теория вероятностей,4,29850.0,True,1,False,
197,192,2026-08-24 15:05:04,AI агенты | ML про,2,14950.0,True,1,False,
198,193,2026-09-06 11:49:34,AI агенты,1,8450.0,False,1,False,
199,194,2026-08-24 16:25:21,Алгоритмы старт,1,8950.0,False,1,False,
200,195,2026-09-01 10:54:53,AI агенты,1,8450.0,False,1,False,
201,196,2026-09-10 06:09:12,Линейная алгебра,1,9950.0,False,1,False,
202,197,2026-09-04 15:39:31,AI агенты | Backend про,2,14950.0,True,1,False,
203,198,2026-09-04 16:44:57,Аналитика старт,1,7475.0,False,1,False,
204,199,2026-08-21 09:02:18,Мат анализ,1,9950.0,False,1,False,
205,200,2026-08-22 19:40:16,Аналитика про | Аналитика старт,2,14950.0,True,1,False,
206,201,2026-08-24 17:28:20,Data Science,1,6950.0,False,1,False,
207,202,2026-08-25 19:24:14,AI агенты | Backend про,2,14950.0,True,1,False,
208,203,2026-08-23 20:42:20,AI агенты | Аналитика про,2,14950.0,True,1,False,
209,204,2026-09-07 13:39:13,ML про,1,8950.0,False,1,False,
210,205,2026-09-03 15:01:50,Аналитика про,1,8950.0,False,1,False,
211,206,2026-08-09 13:00:12,Backend старт | Алгоритмы,2,9990.0,True,1,False,
212,207,2026-08-09 10:15:38,Алгоритмы старт,1,6490.0,False,1,False,
213,208,2026-08-13 19:25:17,К ВУЗу,1,6450.0,False,1,False,
214,209,2026-08-23 06:58:29,Backend про,1,8950.0,False,1,False,
215,210,2026-09-05 17:12:38,Аналитика старт,1,7475.0,False,1,False,
216,211,2026-08-22 11:08:24,AI агенты | ML про,2,14950.0,True,1,False,
217,212,2026-09-09 15:03:44,Алгоритмы про | Алгоритмы старт,2,14950.0,True,1,False,
218,213,2026-08-23 20:58:38,Аналитика про,1,8950.0,False,1,False,
219,214,2026-09-07 14:02:50,AI агенты,1,8950.0,False,1,False,
220,215,2026-08-24 03:22:36,Алгоритмы про,1,6975.0,False,1,False,
221,216,2026-08-23 18:13:18,AI агенты,1,7475.0,False,1,False,
222,217,2026-08-10 14:24:20,К ВУЗу,1,6950.0,False,1,False,
223,218,2026-08-22 09:03:23,Backend про | Алгоритмы про,2,16950.0,True,1,False,
224,219,2026-08-28 13:23:53,Мат анализ,1,9950.0,False,1,False,
225,220,2026-08-22 19:19:35,Линейная алгебра,1,9950.0,False,1,False,
226,221,2026-08-23 07:41:37,Аналитика про | Аналитика старт,2,14950.0,True,1,False,
227,222,2026-08-05 18:52:56,Backend про | Backend старт,2,15950.0,True,1,False,
228,223,2026-08-09 20:27:29,Алгоритмы старт,1,6490.0,False,1,False,
229,224,2026-09-09 08:55:28,Аналитика про,1,8450.0,False,1,False,
230,225,2026-08-05 14:22:34,АВ тестам,1,8745.0,False,1,False,
231,226,2026-09-01 17:03:44,ML старт,1,7475.0,False,1,False,
232,227,2026-08-08 20:08:33,ML старт | Алгоритмы старт,2,9450.0,True,1,False,
233,228,2026-08-09 19:02:28,Data Science,1,6450.0,False,1,False,
234,228,2026-09-07 07:42:35,AI агенты,1,8950.0,False,2,True,28.527858796296297
235,229,2026-08-14 04:19:44,Теория вероятностей,1,9950.0,False,1,False,
236,229,2026-08-23 15:38:51,AI агенты,1,8450.0,False,2,True,9.471608796296296
237,230,2026-09-03 15:07:18,Аналитика про,1,8950.0,False,1,False,
238,231,2026-09-01 18:08:01,Алгоритмы | Дискретка | Линейная алгебра | Мат анализ | Теория вероятностей,5,41225.0,True,1,False,
239,232,2026-08-09 10:47:20,Аналитика старт,1,6490.0,False,1,False,
240,233,2026-08-08 18:51:08,Аналитика старт,1,6490.0,False,1,False,
241,234,2026-08-12 06:04:03,ML старт,1,4950.0,False,1,False,
242,235,2026-08-23 16:04:24,AI агенты,1,8450.0,False,1,False,
243,236,2026-08-29 05:27:29,ML про,1,7475.0,False,1,False,
244,237,2026-08-23 13:29:45,AI агенты,1,8950.0,False,1,False,
245,238,2026-09-05 13:28:56,Backend про,1,8950.0,False,1,False,
246,239,2026-08-31 17:06:09,Аналитика про,1,8450.0,False,1,False,
247,240,2026-08-22 18:00:15,Алгоритмы про,1,6450.0,False,1,False,
248,241,2026-08-30 17:07:59,Backend старт,1,8950.0,False,1,False,
249,242,2026-08-29 13:44:52,ML про,1,8950.0,False,1,False,
250,243,2026-08-24 10:40:35,AI агенты,1,8950.0,False,1,False,
251,244,2026-09-02 10:24:40,Алгоритмы старт,1,8950.0,False,1,False,
252,245,2026-09-05 15:54:58,Backend про,1,8950.0,False,1,False,
253,246,2026-09-07 16:45:55,Мат анализ,1,9950.0,False,1,False,
254,247,2026-09-01 14:59:35,ML про | ML старт,2,14950.0,True,1,False,
255,248,2026-08-22 13:43:42,ML про,1,7475.0,False,1,False,
256,249,2026-08-07 19:38:55,К ВУЗу,1,6950.0,False,1,False,
257,250,2026-09-05 14:54:24,Backend про | Backend старт,2,14950.0,True,1,False,
258,251,2026-09-06 18:05:45,Мат анализ,1,9950.0,False,1,False,
259,252,2026-09-03 16:36:15,Backend про,1,8950.0,False,1,False,
260,253,2026-08-30 17:04:49,AI агенты,1,8950.0,False,1,False,
261,254,2026-09-07 14:53:39,Алгоритмы про | Алгоритмы старт,2,14950.0,True,1,False,
262,255,2026-08-26 14:52:53,ML старт,1,8950.0,False,1,False,
263,256,2026-08-08 17:54:37,ML старт,1,5990.0,False,1,False,
264,257,2026-08-23 20:56:06,Backend про,1,8450.0,False,1,False,
265,258,2026-08-10 15:03:03,Алгоритмы,1,6490.0,False,1,False,
266,259,2026-08-08 07:59:01,ML про,1,8745.0,False,1,False,
267,260,2026-08-12 05:32:11,Алгоритмы | Алгоритмы про,2,9900.0,True,1,False,
268,261,2026-09-06 16:06:04,AI агенты,1,8950.0,False,1,False,
269,262,2026-08-09 09:10:55,Backend про,1,6490.0,False,1,False,
270,263,2026-08-22 19:53:10,ML про,1,8950.0,False,1,False,
271,263,2026-08-25 03:19:38,AI агенты,1,6000.0,False,2,True,2.310046296296296
272,264,2026-09-02 18:37:57,Backend про | Алгоритмы,2,8450.0,True,1,False,
273,265,2026-08-08 16:25:28,ML старт,1,5990.0,False,1,False,
274,266,2026-09-02 11:33:22,Мат анализ,1,10000.0,False,1,False,
275,267,2026-08-31 08:26:17,Аналитика про,1,8950.0,False,1,False,
276,268,2026-08-24 12:52:49,AI агенты,1,8950.0,False,1,False,
277,269,2026-08-25 22:26:03,Backend про,1,7475.0,False,1,False,
278,270,2026-09-05 14:08:51,Аналитика про,1,8950.0,False,1,False,
279,271,2026-09-03 12:55:50,ML про | Алгоритмы про,2,14950.0,True,1,False,
280,272,2026-08-31 18:34:40,Аналитика про,1,8950.0,False,1,False,
281,273,2026-09-03 08:17:51,ML про,1,8950.0,False,1,False,
282,274,2026-08-30 23:37:30,Аналитика про,1,6975.0,False,1,False,
283,275,2026-08-13 09:51:23,Алгоритмы старт,1,8745.0,False,1,False,
284,275,2026-09-06 11:58:58,AI агенты | ML про,2,13950.0,True,2,True,24.088599537037037
285,276,2026-08-15 12:43:23,ML старт | Алгоритмы старт,2,5750.0,True,1,False,
286,277,2026-08-22 11:24:53,Backend про,1,5750.0,False,1,False,
287,278,2026-09-06 17:31:06,Аналитика про | Аналитика старт,2,14950.0,True,1,False,
288,279,2026-08-09 09:48:26,Аналитика старт,1,6490.0,False,1,False,
289,280,2026-08-05 16:37:02,ML старт,1,8245.0,False,1,False,
290,281,2026-08-11 12:02:08,ML старт,1,4950.0,False,1,False,
291,282,2026-08-09 18:55:57,ML про,1,8745.0,False,1,False,
292,283,2026-09-09 13:34:09,AI агенты | ML про,2,14950.0,True,1,False,
293,284,2026-08-30 11:56:49,ML про,1,6975.0,False,1,False,
294,285,2026-08-30 08:22:49,AI агенты | ML про,2,13950.0,True,1,False,
295,286,2026-08-09 16:16:39,Аналитика старт,1,6490.0,False,1,False,
296,287,2026-08-19 07:46:07,Data Science,1,6950.0,False,1,False,
297,288,2026-09-02 08:57:12,Аналитика про,1,8945.0,False,1,False,
298,289,2026-08-28 16:24:51,AI агенты,1,8950.0,False,1,False,
299,290,2026-08-23 16:53:02,Аналитика старт,1,7475.0,False,1,False,
300,291,2026-08-06 10:06:16,Линейная алгебра | Мат анализ,2,19900.0,True,1,False,
301,292,2026-09-06 12:59:39,ML про,1,6975.0,False,1,False,
302,293,2026-08-22 11:35:35,Backend про,1,8950.0,False,1,False,
303,294,2026-08-06 10:39:31,Линейная алгебра,1,9950.0,False,1,False,
304,295,2026-08-06 10:14:55,К ВУЗу,1,6950.0,False,1,False,
305,296,2026-09-01 10:46:43,Аналитика старт,1,8950.0,False,1,False,
306,297,2026-08-22 17:26:07,Алгоритмы,1,8450.0,False,1,False,
307,298,2026-08-23 18:48:14,Аналитика про,1,6975.0,False,1,False,
308,299,2026-08-24 16:58:19,Аналитика про,1,8950.0,False,1,False,
309,300,2026-09-06 17:58:00,Data Science,1,6950.0,False,1,False,
310,301,2026-08-31 20:57:15,ML старт | Аналитика старт,2,17950.0,True,1,False,
311,302,2026-09-04 15:20:47,Аналитика про,1,7475.0,False,1,False,
312,303,2026-09-04 15:21:52,ML про | ML старт,2,14950.0,True,1,False,
313,304,2026-08-11 15:52:40,К ВУЗу,1,6950.0,False,1,False,
314,305,2026-08-31 17:03:19,Алгоритмы про | Алгоритмы старт,2,14950.0,True,1,False,
315,306,2026-09-06 16:18:59,ML старт,1,8950.0,False,1,False,
316,307,2026-08-23 15:39:57,Аналитика про,1,8450.0,False,1,False,
317,308,2026-08-08 14:05:17,Backend старт | Алгоритмы старт,2,9900.0,True,1,False,
318,309,2026-09-05 09:55:40,ML про,1,8950.0,False,1,False,
319,310,2026-09-06 16:38:02,AI агенты | ML про,2,14950.0,True,1,False,
320,311,2026-08-11 16:15:41,ML старт | Алгоритмы старт,2,9900.0,True,1,False,
321,312,2026-08-23 09:59:13,Аналитика про,1,7475.0,False,1,False,
322,313,2026-08-07 11:58:49,Мат анализ,1,9450.0,False,1,False,
323,314,2026-08-28 18:44:36,Аналитика старт,1,8950.0,False,1,False,
324,315,2026-08-23 16:40:25,AI агенты | Backend про,2,14950.0,True,1,False,
325,316,2026-08-14 12:59:02,АВ тестам,1,4495.0,False,1,False,
326,317,2026-09-04 13:16:14,Аналитика про,1,8950.0,False,1,False,
327,318,2026-09-03 17:23:38,Аналитика про,1,8450.0,False,1,False,
328,319,2026-08-09 17:25:06,ML старт,1,4950.0,False,1,False,
329,320,2026-08-08 19:54:31,Алгоритмы старт | Аналитика старт,2,9990.0,True,1,False,
330,321,2026-08-09 16:24:15,ML старт,1,6490.0,False,1,False,
331,322,2026-08-28 14:03:47,ML про | Алгоритмы старт,2,14950.0,True,1,False,
332,323,2026-08-09 18:56:09,Backend старт | Алгоритмы,2,9990.0,True,1,False,
333,324,2026-08-31 19:22:31,AI агенты,1,8450.0,False,1,False,
334,325,2026-08-06 11:41:17,Линейная алгебра,1,9950.0,False,1,False,
335,326,2026-09-04 10:55:46,Аналитика про | Аналитика старт,2,14950.0,True,1,False,
336,327,2026-09-06 12:45:38,AI агенты,1,8950.0,False,1,False,
337,328,2026-09-05 10:58:26,ML про | Аналитика про,2,14950.0,True,1,False,
338,329,2026-08-09 16:51:47,Алгоритмы старт,1,6490.0,False,1,False,
339,330,2026-09-03 15:10:16,Аналитика про | Аналитика старт,2,14950.0,True,1,False,
340,331,2026-08-09 16:31:09,Алгоритмы старт | Аналитика старт,2,9990.0,True,1,False,
341,332,2026-08-12 06:44:05,ML старт,1,9900.0,False,1,False,
342,333,2026-08-08 18:25:13,Аналитика старт,1,6490.0,False,1,False,
343,334,2026-08-07 11:16:14,Линейная алгебра | Мат анализ,2,19900.0,True,1,False,
344,335,2026-08-09 16:07:42,ML старт | Алгоритмы старт,2,9900.0,True,1,False,
345,336,2026-08-09 13:48:41,ML старт | Алгоритмы старт,2,9900.0,True,1,False,
346,337,2026-09-09 15:41:19,Алгоритмы про,1,7475.0,False,1,False,
347,338,2026-08-23 06:47:37,Аналитика про | Аналитика старт,2,14950.0,True,1,False,
348,339,2026-08-11 12:22:26,К ВУЗу,1,6450.0,False,1,False,
349,340,2026-08-29 09:29:52,АВ тестам | Аналитика старт,2,11950.0,True,1,False,
350,341,2026-08-23 11:59:04,ML про,1,8950.0,False,1,False,
351,342,2026-08-13 09:48:34,Теория вероятностей,1,9950.0,False,1,False,
352,343,2026-09-01 19:07:54,ML старт,1,8950.0,False,1,False,
353,344,2026-09-06 14:48:52,AI агенты,1,8950.0,False,1,False,
354,345,2026-09-03 16:33:15,Аналитика про,1,8950.0,False,1,False,
355,346,2026-08-18 10:15:05,ML старт,1,8745.0,False,1,False,
356,347,2026-09-06 18:35:08,Аналитика про,1,7475.0,False,1,False,
357,348,2026-08-12 19:17:21,К ВУЗу,1,6950.0,False,1,False,
358,349,2026-09-09 16:10:16,Алгоритмы старт,1,7475.0,False,1,False,
359,350,2026-09-05 18:12:55,Аналитика про,1,8450.0,False,1,False,
360,351,2026-08-20 11:12:25,Линейная алгебра,1,9450.0,False,1,False,
361,352,2026-09-03 16:22:06,Алгоритмы про,1,8450.0,False,1,False,
362,353,2026-08-22 11:39:22,Аналитика старт,1,8950.0,False,1,False,
363,354,2026-09-04 13:47:25,Дискретка,1,8245.0,False,1,False,
364,355,2026-09-02 14:30:26,Backend про,1,8450.0,False,1,False,
365,356,2026-08-09 13:48:05,Backend старт,1,6950.0,False,1,False,
366,357,2026-08-24 02:46:33,Теория вероятностей,1,9950.0,False,1,False,
367,358,2026-09-09 06:30:33,Аналитика про,1,8450.0,False,1,False,
368,359,2026-09-06 18:40:33,Аналитика старт,1,7475.0,False,1,False,
369,360,2026-08-23 20:57:22,AI агенты,1,8950.0,False,1,False,
370,361,2026-08-17 10:53:42,ML старт | Алгоритмы старт,2,17490.0,True,1,False,
371,362,2026-09-05 14:52:23,ML про,1,8450.0,False,1,False,
372,363,2026-09-04 06:28:52,Backend про,1,8945.0,False,1,False,
373,364,2026-08-13 00:01:02,Аналитика про,1,8475.0,False,1,False,
374,365,2026-08-09 16:15:08,ML старт,1,6490.0,False,1,False,
375,366,2026-09-06 15:18:37,AI агенты | ML про | ML старт | Алгоритмы старт,4,8950.0,True,1,False,
376,367,2026-08-23 18:18:15,Аналитика старт,1,8245.0,False,1,False,
377,368,2026-08-24 14:21:10,Аналитика про,1,8950.0,False,1,False,
378,369,2026-08-09 18:53:23,Алгоритмы старт,1,4495.0,False,1,False,
379,370,2026-08-08 14:10:35,Backend старт,1,6490.0,False,1,False,
380,370,2026-08-22 11:14:12,Backend про,1,5750.0,False,2,True,13.877511574074074
381,371,2026-08-09 17:17:09,ML старт | Алгоритмы старт,2,9900.0,True,1,False,
382,372,2026-08-22 15:11:44,AI агенты,1,7450.0,False,1,False,
383,373,2026-08-22 18:58:36,Алгоритмы про | Алгоритмы старт,2,14950.0,True,1,False,
384,374,2026-08-09 19:11:48,Data Science,1,6450.0,False,1,False,
385,375,2026-09-04 14:19:28,Алгоритмы про,1,7000.0,False,1,False,
386,376,2026-09-03 15:43:04,К ВУЗу,1,6950.0,False,1,False,
387,377,2026-09-05 19:24:12,Аналитика про | Аналитика старт,2,14950.0,True,1,False,
388,378,2026-09-04 15:08:47,Аналитика про,1,8950.0,False,1,False,
389,379,2026-09-04 11:44:55,Аналитика про,1,7475.0,False,1,False,
390,380,2026-08-09 17:19:11,ML старт,1,6490.0,False,1,False,
391,381,2026-09-09 14:46:43,Аналитика старт,1,8950.0,False,1,False,
392,382,2026-08-09 18:58:42,ML старт | Алгоритмы старт,2,8900.0,True,1,False,
393,383,2026-09-04 14:11:02,Аналитика про,1,8950.0,False,1,False,
394,384,2026-09-04 20:38:50,Аналитика про,1,8450.0,False,1,False,
395,385,2026-09-02 14:17:34,АВ тестам | Аналитика старт,2,11950.0,True,1,False,
396,386,2026-08-19 13:53:46,Backend про,1,7000.0,False,1,False,
397,387,2026-08-31 09:09:41,AI агенты,1,8545.0,False,1,False,
398,388,2026-08-12 13:28:18,ML старт,1,7000.0,False,1,False,
399,389,2026-08-09 10:18:12,ML старт | Алгоритмы старт,2,9900.0,True,1,False,
400,389,2026-08-10 19:12:23,Аналитика старт,1,5990.0,False,2,True,1.3709606481481482
401,390,2026-09-01 02:23:30,Аналитика старт,1,8975.0,False,1,False,
402,391,2026-08-14 18:55:11,Алгоритмы старт,1,8745.0,False,1,False,
403,392,2026-08-20 13:14:17,Аналитика старт,1,8745.0,False,1,False,
404,393,2026-08-29 09:45:18,Мат анализ,1,9450.0,False,1,False,
405,394,2026-09-05 10:17:43,Алгоритмы про,1,8950.0,False,1,False,
406,395,2026-09-03 11:18:32,ML про,1,8950.0,False,1,False,
407,396,2026-09-06 19:15:37,Мат анализ,1,9950.0,False,1,False,
408,397,2026-09-05 11:02:15,Аналитика старт,1,8950.0,False,1,False,
409,398,2026-09-05 18:06:36,ML про,1,8950.0,False,1,False,
410,399,2026-09-06 19:02:33,ML про,1,8950.0,False,1,False,
411,400,2026-08-09 16:12:09,Алгоритмы старт,1,6490.0,False,1,False,
412,401,2026-08-08 22:16:55,Backend про,1,8245.0,False,1,False,
413,402,2026-08-09 17:25:40,ML старт | Алгоритмы старт,2,9990.0,True,1,False,
414,402,2026-09-03 17:30:08,ML про,1,8450.0,False,2,True,25.003101851851852
415,403,2026-08-31 10:18:44,Backend про,1,8950.0,False,1,False,
416,404,2026-09-02 19:30:00,Алгоритмы про,1,7475.0,False,1,False,
417,405,2026-09-05 14:29:26,Backend старт,1,8950.0,False,1,False,
418,406,2026-09-05 13:55:08,ML про,1,8450.0,False,1,False,
419,407,2026-09-09 23:11:20,Линейная алгебра,1,8950.0,False,1,False,
420,408,2026-08-10 15:22:41,Аналитика старт,1,6490.0,False,1,False,
421,409,2026-09-03 21:58:56,AI агенты,1,5000.0,False,1,False,
422,410,2026-08-08 16:51:05,Backend старт,1,6490.0,False,1,False,
423,411,2026-08-30 11:21:33,AI агенты,1,8545.0,False,1,False,
424,412,2026-08-08 14:06:52,ML старт | Алгоритмы старт,2,9990.0,True,1,False,
425,413,2026-08-18 19:40:47,Аналитика старт,1,8745.0,False,1,False,
426,414,2026-09-05 16:25:16,ML про,1,8950.0,False,1,False,
427,415,2026-08-09 04:51:42,Backend старт,1,4995.0,False,1,False,
428,416,2026-09-05 21:19:33,Backend про | ML про,2,13950.0,True,1,False,
429,417,2026-08-11 10:51:54,К ВУЗу,1,6950.0,False,1,False,
430,418,2026-08-26 04:03:43,Backend про | Backend старт,2,14950.0,True,1,False,
431,419,2026-09-02 10:06:52,ML про | Алгоритмы про,2,14950.0,True,1,False,
432,420,2026-08-14 20:17:00,К ВУЗу,1,6950.0,False,1,False,
433,421,2026-08-08 20:25:37,Data Engenering | Алгоритмы,2,9990.0,True,1,False,
434,422,2026-09-02 15:30:05,Теория вероятностей,1,9450.0,False,1,False,
435,423,2026-09-01 12:44:58,ML про,1,7475.0,False,1,False,
436,424,2026-08-23 17:45:31,AI агенты | Аналитика про,2,14950.0,True,1,False,
437,425,2026-08-24 07:03:39,AI агенты,1,8503.0,False,1,False,
438,426,2026-08-13 09:26:22,ML старт,1,6000.0,False,1,False,
439,427,2026-08-08 19:23:46,ML старт | Алгоритмы,2,9900.0,True,1,False,
440,428,2026-09-04 18:33:44,ML про | ML старт,2,17900.0,True,1,False,
441,429,2026-09-08 13:04:06,Мат анализ,1,9950.0,False,1,False,
442,430,2026-08-04 13:38:06,К ВУЗу,1,8950.0,False,1,False,
443,430,2026-08-23 16:17:56,К ВУЗу,1,8000.0,False,2,True,19.11099537037037
444,431,2026-09-05 15:28:29,Алгоритмы старт,1,8950.0,False,1,False,
445,432,2026-08-29 19:39:58,Backend про,1,8950.0,False,1,False,
446,432,2026-08-30 10:31:12,AI агенты,1,8545.0,False,2,True,0.618912037037037
447,433,2026-08-09 19:40:37,ML старт | Алгоритмы старт,2,9900.0,True,1,False,
448,434,2026-09-06 15:23:19,Backend про,1,8450.0,False,1,False,
449,435,2026-08-09 16:13:53,Аналитика про | Аналитика старт,2,9900.0,True,1,False,
450,436,2026-08-23 15:04:52,Алгоритмы про,1,8450.0,False,1,False,
451,437,2026-08-04 09:08:31,ML про,1,8950.0,False,1,False,
452,437,2026-08-04 09:35:00,Аналитика старт,1,7890.0,False,2,True,0.018391203703703705
453,437,2026-08-22 08:23:59,AI агенты,1,8950.0,False,3,True,17.950682870370372
454,437,2026-08-30 16:16:42,AI агенты,1,1000.0,False,4,True,8.328275462962964
455,438,2026-09-09 13:24:37,Аналитика про,1,8950.0,False,1,False,
456,439,2026-08-09 20:20:29,Backend старт,1,6490.0,False,1,False,
457,440,2026-08-24 03:20:05,ML про,1,7475.0,False,1,False,
458,441,2026-08-16 09:40:30,Алгоритмы старт,1,8745.0,False,1,False,
459,442,2026-08-14 11:21:45,К ВУЗу,1,6950.0,False,1,False,
460,443,2026-08-04 10:14:38,Линейная алгебра | Мат анализ,2,16950.0,True,1,False,
461,444,2026-09-09 16:46:07,Алгоритмы про | Алгоритмы старт,2,14950.0,True,1,False,
462,445,2026-08-10 00:36:19,Аналитика про,1,4950.0,False,1,False,
463,446,2026-08-10 09:02:50,Data Engenering,1,6950.0,False,1,False,
464,447,2026-08-23 13:46:56,Backend про,1,8450.0,False,1,False,
465,448,2026-08-14 14:23:30,ML про | ML старт,2,16950.0,True,1,False,
466,449,2026-09-06 17:28:24,Алгоритмы старт,1,8950.0,False,1,False,
467,450,2026-09-03 06:06:37,Backend про,1,8950.0,False,1,False,
468,451,2026-08-08 16:24:46,Backend про,1,8245.0,False,1,False,
469,452,2026-08-25 21:09:34,AI агенты,1,8450.0,False,1,False,
470,453,2026-08-11 17:07:53,Алгоритмы старт,1,4950.0,False,1,False,
471,454,2026-09-07 04:33:26,ML про,1,8950.0,False,1,False,
472,455,2026-08-25 07:53:50,Backend старт,1,8950.0,False,1,False,
473,456,2026-09-08 17:57:42,Мат анализ,1,9950.0,False,1,False,
474,457,2026-08-09 10:16:31,Алгоритмы старт,1,6490.0,False,1,False,
475,458,2026-08-22 11:58:37,Backend про,1,8450.0,False,1,False,
476,459,2026-08-07 11:31:08,Мат анализ,1,9950.0,False,1,False,
477,460,2026-08-12 13:12:40,Аналитика старт,1,8745.0,False,1,False,
478,461,2026-09-05 15:01:05,Аналитика про | Аналитика старт,2,14950.0,True,1,False,
479,462,2026-08-09 16:45:22,Алгоритмы старт,1,500.0,False,1,False,
480,463,2026-08-25 13:16:31,ML про,1,8950.0,False,1,False,
481,464,2026-08-10 18:30:49,Аналитика старт,1,4500.0,False,1,False,
482,465,2026-09-07 08:21:23,Алгоритмы,1,4225.0,False,1,False,
483,466,2026-08-26 13:56:39,ML про,1,8950.0,False,1,False,
484,467,2026-08-10 13:55:50,Аналитика старт,1,6490.0,False,1,False,
485,468,2026-08-19 07:10:12,Линейная алгебра,1,9450.0,False,1,False,
486,469,2026-08-08 19:45:24,Алгоритмы,1,4950.0,False,1,False,
487,470,2026-08-09 17:24:05,ML старт | Алгоритмы,2,9900.0,True,1,False,
488,471,2026-09-04 18:12:51,Линейная алгебра,1,9950.0,False,1,False,
489,472,2026-09-06 13:45:12,ML про,1,8950.0,False,1,False,
490,473,2026-08-08 13:57:16,Алгоритмы,1,10000.0,False,1,False,
491,474,2026-08-14 07:16:32,К ВУЗу,1,6950.0,False,1,False,
492,475,2026-08-24 15:16:31,Линейная алгебра,1,9950.0,False,1,False,
493,476,2026-08-09 14:14:07,ML старт | Алгоритмы старт,2,8900.0,True,1,False,
494,477,2026-08-06 14:52:49,Теория вероятностей,1,500.0,False,1,False,
495,477,2026-08-18 15:06:11,Линейная алгебра,1,9450.0,False,2,True,12.009282407407408
496,478,2026-08-10 00:13:55,Data Engenering,1,6450.0,False,1,False,
497,479,2026-08-16 09:40:02,Аналитика старт,1,8745.0,False,1,False,
498,480,2026-08-04 16:17:19,Data Science,1,15695.0,False,1,False,
499,481,2026-08-07 13:09:54,ML про,1,8745.0,False,1,False,
500,482,2026-08-15 16:30:16,ML старт | Алгоритмы,2,16950.0,True,1,False,
501,483,2026-08-29 19:38:52,AI агенты,1,8450.0,False,1,False,
502,484,2026-08-15 19:17:47,Аналитика старт,1,8745.0,False,1,False,
503,485,2026-08-22 16:02:00,Аналитика про,1,8450.0,False,1,False,
504,486,2026-09-02 09:28:52,Backend про,1,8950.0,False,1,False,
505,487,2026-09-05 11:02:17,ML про | ML старт,2,14950.0,True,1,False,
506,488,2026-08-09 16:36:09,Алгоритмы,1,19350.0,False,1,False,
507,489,2026-08-24 08:47:25,ML старт,1,8850.0,False,1,False,
508,490,2026-09-04 10:01:44,AI агенты,1,8450.0,False,1,False,
509,491,2026-09-07 09:04:54,Аналитика про,1,8950.0,False,1,False,
510,492,2026-08-20 14:21:52,Теория вероятностей,1,9950.0,False,1,False,
511,493,2026-09-02 16:44:53,Линейная алгебра,1,9950.0,False,1,False,
512,494,2026-09-05 19:15:54,Алгоритмы про,1,8959.0,False,1,False,
513,495,2026-09-01 10:30:21,ML про | ML старт,2,14950.0,True,1,False,
514,496,2026-08-22 15:01:37,ML старт,1,8950.0,False,1,False,
515,497,2026-08-31 12:11:14,Backend про,1,8950.0,False,1,False,
516,498,2026-08-10 18:10:53,Аналитика про | Аналитика старт,2,9000.0,True,1,False,
517,499,2026-09-08 13:24:34,Аналитика про,1,8950.0,False,1,False,
518,500,2026-08-10 13:21:01,Аналитика старт,1,6490.0,False,1,False,
519,501,2026-08-20 14:06:32,ML старт,1,8745.0,False,1,False,
520,502,2026-09-05 10:11:25,ML про,1,8450.0,False,1,False,
521,503,2026-08-31 14:40:32,Аналитика про | Аналитика старт,2,14943.0,True,1,False,
522,504,2026-09-03 06:27:49,Аналитика старт,1,5975.0,False,1,False,
523,505,2026-08-11 18:00:05,ML старт | Алгоритмы старт,2,9900.0,True,1,False,
524,506,2026-08-27 12:29:06,AI агенты,1,8950.0,False,1,False,
525,507,2026-08-08 20:12:46,ML старт,1,6490.0,False,1,False,
526,508,2026-08-09 21:33:27,Backend старт | Алгоритмы старт,2,9900.0,True,1,False,
527,508,2026-09-03 08:29:32,Backend про,1,5750.0,False,2,True,24.455613425925925
528,509,2026-09-07 16:51:31,Теория вероятностей,1,18900.0,False,1,False,
529,510,2026-09-05 10:34:42,AI агенты,1,8950.0,False,1,False,
530,511,2026-08-08 17:29:42,Аналитика старт,1,4950.0,False,1,False,
531,512,2026-08-08 16:43:12,Алгоритмы старт,1,4995.0,False,1,False,
532,513,2026-08-23 17:34:10,AI агенты | Алгоритмы про,2,13950.0,True,1,False,
533,514,2026-08-23 09:48:08,ML старт,1,8950.0,False,1,False,
534,515,2026-09-05 12:09:36,Аналитика про,1,8450.0,False,1,False,
535,516,2026-08-08 16:59:49,Алгоритмы старт | Аналитика старт,2,9900.0,True,1,False,
536,517,2026-09-05 12:48:03,Аналитика про,1,8950.0,False,1,False,
537,518,2026-08-08 12:37:37,Алгоритмы старт,1,6490.0,False,1,False,
538,519,2026-08-10 16:09:27,Алгоритмы старт | Аналитика про | Аналитика старт,3,14850.0,True,1,False,
539,520,2026-08-09 09:27:27,Аналитика старт,1,6490.0,False,1,False,
540,521,2026-08-12 14:21:51,К ВУЗу,1,6450.0,False,1,False,
541,522,2026-08-17 16:24:17,К ВУЗу,1,6950.0,False,1,False,
542,523,2026-09-02 11:00:48,Backend про,1,8450.0,False,1,False,
543,524,2026-09-01 11:54:01,Аналитика про,1,8945.0,False,1,False,
544,525,2026-08-22 15:39:49,Аналитика старт,1,8950.0,False,1,False,
545,526,2026-08-27 13:32:56,AI агенты,1,8950.0,False,1,False,
546,527,2026-08-09 10:49:47,ML старт | Алгоритмы старт,2,9900.0,True,1,False,
547,528,2026-09-06 16:54:20,ML про,1,8950.0,False,1,False,
548,529,2026-08-24 13:11:03,Алгоритмы про | Алгоритмы старт,2,14950.0,True,1,False,
549,530,2026-09-06 19:09:38,Аналитика про,1,8950.0,False,1,False,
550,531,2026-08-30 10:04:17,Backend старт,1,8950.0,False,1,False,
551,532,2026-08-08 16:22:47,Аналитика про | Аналитика старт,2,9990.0,True,1,False,
552,533,2026-09-05 10:24:14,AI агенты,1,8450.0,False,1,False,
553,534,2026-08-30 12:55:04,AI агенты,1,8450.0,False,1,False,
554,535,2026-08-30 08:24:30,Backend старт | Алгоритмы старт,2,14950.0,True,1,False,
555,536,2026-08-12 12:22:52,Аналитика про | Аналитика старт,2,16950.0,True,1,False,
556,537,2026-08-12 04:49:43,ML старт | Алгоритмы старт,2,9900.0,True,1,False,
557,538,2026-08-31 06:14:52,Backend старт | Алгоритмы старт,2,14950.0,True,1,False,
558,539,2026-08-23 20:55:41,AI агенты,1,8950.0,False,1,False,
559,540,2026-09-05 14:57:41,Аналитика про,1,8950.0,False,1,False,
560,541,2026-09-02 10:48:17,Алгоритмы старт | Аналитика старт,2,14950.0,True,1,False,
561,542,2026-08-23 18:26:56,Backend старт,1,8950.0,False,1,False,
562,543,2026-08-09 14:01:24,Алгоритмы старт,1,4950.0,False,1,False,
563,544,2026-08-10 06:26:01,Алгоритмы,1,4995.0,False,1,False,
564,545,2026-09-05 19:45:17,ML про,1,8950.0,False,1,False,
565,546,2026-08-10 19:07:51,Аналитика старт,1,6490.0,False,1,False,
566,547,2026-09-01 15:53:22,Backend про | Алгоритмы про,2,14950.0,True,1,False,
567,548,2026-09-08 12:45:32,AI агенты | ML про,2,13950.0,True,1,False,
568,549,2026-08-24 05:25:17,AI агенты | Backend про,2,16445.0,True,1,False,
569,550,2026-08-09 16:24:42,Алгоритмы старт,1,5463.34,False,1,False,
570,551,2026-09-02 09:58:19,Backend про,1,8950.0,False,1,False,
571,552,2026-08-26 04:37:12,Аналитика про,1,7475.0,False,1,False,
572,553,2026-09-05 18:27:14,ML про,1,8950.0,False,1,False,
573,554,2026-08-08 12:44:01,ML старт | Алгоритмы старт,2,10000.0,True,1,False,
574,555,2026-09-02 09:38:46,Алгоритмы про | Алгоритмы старт,2,14950.0,True,1,False,
575,556,2026-09-05 15:17:14,Аналитика про,1,7475.0,False,1,False,
576,557,2026-08-23 16:56:11,ML про,1,8950.0,False,1,False,
577,558,2026-09-02 08:49:58,Линейная алгебра,1,8245.0,False,1,False,
578,559,2026-08-23 04:11:37,Алгоритмы,1,8450.0,False,1,False,
579,560,2026-08-25 14:09:51,AI агенты,1,8950.0,False,1,False,
580,561,2026-09-03 18:55:28,Теория вероятностей,1,18900.0,False,1,False,
581,562,2026-08-17 22:34:23,ML старт,1,8745.0,False,1,False,
582,563,2026-08-09 17:28:24,Аналитика старт,1,6490.0,False,1,False,
583,564,2026-08-16 04:38:14,Аналитика старт,1,8745.0,False,1,False,
584,565,2026-08-30 15:30:24,Алгоритмы про | Алгоритмы старт,2,13950.0,True,1,False,
585,566,2026-08-30 18:45:42,ML про,1,8450.0,False,1,False,
586,567,2026-09-09 15:06:26,AI агенты | Алгоритмы про,2,14950.0,True,1,False,
587,568,2026-08-27 15:10:07,ML старт | Аналитика про,2,14950.0,True,1,False,
588,569,2026-09-06 08:00:03,Backend про,1,8950.0,False,1,False,
589,570,2026-08-09 09:24:57,Алгоритмы старт | Аналитика старт,2,9990.0,True,1,False,
590,571,2026-08-04 17:19:52,ML про | ML старт,2,16950.0,True,1,False,
591,572,2026-09-02 14:54:22,Аналитика про,1,8945.0,False,1,False,
592,573,2026-08-30 09:39:42,AI агенты,1,8950.0,False,1,False,
593,574,2026-09-04 16:29:01,ML про,1,7475.0,False,1,False,
594,575,2026-08-19 09:21:46,Алгоритмы старт | Аналитика про | Аналитика старт,3,24735.0,True,1,False,
595,576,2026-09-04 17:26:34,ML старт,1,7475.0,False,1,False,
596,577,2026-08-09 16:26:30,Backend старт,1,5463.33,False,1,False,
597,578,2026-08-21 12:29:55,Аналитика про,1,8245.0,False,1,False,
598,579,2026-08-06 16:20:47,ML старт,1,8245.0,False,1,False,
599,580,2026-08-23 14:38:29,AI агенты,1,8950.0,False,1,False,
600,581,2026-08-23 11:19:47,ML про,1,8950.0,False,1,False,
601,582,2026-09-04 15:03:52,Аналитика старт,1,8950.0,False,1,False,
602,583,2026-08-25 04:27:38,AI агенты,1,8950.0,False,1,False,
603,584,2026-08-10 15:33:39,Алгоритмы старт,1,6490.0,False,1,False,
604,585,2026-08-29 19:40:39,AI агенты | ML про,2,13950.0,True,1,False,
605,586,2026-08-12 17:45:53,Аналитика старт,1,8745.0,False,1,False,
606,587,2026-08-26 21:47:21,AI агенты,1,8450.0,False,1,False,
607,588,2026-08-11 02:43:57,К ВУЗу,1,6450.0,False,1,False,
608,589,2026-08-09 18:06:31,Алгоритмы старт,1,5990.0,False,1,False,
609,590,2026-09-04 11:04:11,Backend про,1,8945.0,False,1,False,
610,591,2026-09-05 10:13:46,AI агенты,1,8450.0,False,1,False,
611,592,2026-08-19 20:38:02,Алгоритмы старт,1,8245.0,False,1,False,
612,593,2026-09-06 19:53:15,Мат анализ,1,9950.0,False,1,False,
613,594,2026-09-03 18:16:38,AI агенты,1,5000.0,False,1,False,
614,595,2026-08-22 16:55:59,AI агенты | ML про,2,14950.0,True,1,False,
615,596,2026-09-05 16:26:36,ML про,1,8950.0,False,1,False,
616,597,2026-08-09 18:00:04,ML старт,1,5990.0,False,1,False,
617,598,2026-08-09 09:43:34,Backend старт | Алгоритмы,2,9900.0,True,1,False,
618,599,2026-08-26 12:25:10,Аналитика старт,1,8950.0,False,1,False,
619,599,2026-08-31 16:05:26,Аналитика про,1,8950.0,False,2,True,5.152962962962963
620,600,2026-08-22 15:48:13,AI агенты,1,7450.0,False,1,False,
621,601,2026-09-04 04:51:49,AI агенты | ML про | ML старт,3,22425.0,True,1,False,
622,601,2026-09-06 14:28:33,Аналитика про | Аналитика старт,2,13950.0,True,2,True,2.4005092592592594
623,602,2026-09-05 17:42:39,Backend про,1,8450.0,False,1,False,
624,603,2026-08-18 16:34:39,Аналитика старт,1,8745.0,False,1,False,
625,604,2026-09-06 19:17:57,Аналитика старт,1,8950.0,False,1,False,
626,605,2026-08-26 07:26:53,Алгоритмы про,1,8950.0,False,1,False,
627,606,2026-08-10 18:36:00,К ВУЗу,1,6450.0,False,1,False,
